Workbook

Sheet Dashboard
A1: SAP ACCOUNTS PAYABLE | INVOICE TRACKING DASHBOARD
A2: Demonstration workbook | Fictional data only | Ageing formulas use TODAY()
A4: Total Invoices | C4: Total Invoice Value | E4: Open / Blocked / Parked | G4: Blocked Invoices
A5: =COUNTA('Invoice Tracker'!A2:A101) -> 100 | C5: =SUM('Invoice Tracker'!I2:I101) -> 8551562.1 | E5: =COUNTIF('Invoice Tracker'!J2:J101,"Open")+COUNTIF('Invoice Tracker'!J2:J101,"Blocked")+COUNTIF('Invoice Tracker'!J2:J101,"Parked") -> 64 | G5: =COUNTIF('Invoice Tracker'!J2:J101,"Blocked") -> 21
A8: Invoice Status | E8: Outstanding Ageing
A9: Status | B9: Count | C9: Invoice Value (INR) | E9: Ageing Bucket | F9: Count | G9: Outstanding (INR)
A10: Open | B10: =COUNTIF('Invoice Tracker'!J$2:J$101,A10) -> 35 | C10: =SUMIF('Invoice Tracker'!J$2:J$101,A10,'Invoice Tracker'!I$2:I$101) -> 2873392.5 | E10: Not Due | F10: =COUNTIF('Invoice Tracker'!M$2:M$101,E10) -> 16 | G10: =SUMIFS('Invoice Tracker'!I$2:I$101,'Invoice Tracker'!M$2:M$101,E10,'Invoice Tracker'!J$2:J$101,"<>Paid") -> 1585458.6
A11: Blocked | B11: =COUNTIF('Invoice Tracker'!J$2:J$101,A11) -> 21 | C11: =SUMIF('Invoice Tracker'!J$2:J$101,A11,'Invoice Tracker'!I$2:I$101) -> 1905972.6 | E11: 1-30 Days | F11: =COUNTIF('Invoice Tracker'!M$2:M$101,E11) -> 14 | G11: =SUMIFS('Invoice Tracker'!I$2:I$101,'Invoice Tracker'!M$2:M$101,E11,'Invoice Tracker'!J$2:J$101,"<>Paid") -> 959599.02
A12: Paid | B12: =COUNTIF('Invoice Tracker'!J$2:J$101,A12) -> 36 | C12: =SUMIF('Invoice Tracker'!J$2:J$101,A12,'Invoice Tracker'!I$2:I$101) -> 3113359.9 | E12: 31-60 Days | F12: =COUNTIF('Invoice Tracker'!M$2:M$101,E12) -> 11 | G12: =SUMIFS('Invoice Tracker'!I$2:I$101,'Invoice Tracker'!M$2:M$101,E12,'Invoice Tracker'!J$2:J$101,"<>Paid") -> 500721.12
A13: Parked | B13: =COUNTIF('Invoice Tracker'!J$2:J$101,A13) -> 8 | C13: =SUMIF('Invoice Tracker'!J$2:J$101,A13,'Invoice Tracker'!I$2:I$101) -> 658837.17 | E13: 61-90 Days | F13: =COUNTIF('Invoice Tracker'!M$2:M$101,E13) -> 15 | G13: =SUMIFS('Invoice Tracker'!I$2:I$101,'Invoice Tracker'!M$2:M$101,E13,'Invoice Tracker'!J$2:J$101,"<>Paid") -> 1372431.6
E14: 90+ Days | F14: =COUNTIF('Invoice Tracker'!M$2:M$101,E14) -> 8 | G14: =SUMIFS('Invoice Tracker'!I$2:I$101,'Invoice Tracker'!M$2:M$101,E14,'Invoice Tracker'!J$2:J$101,"<>Paid") -> 1019991.9

Sheet Invoice Tracker
A1: Invoice ID | B1: Vendor ID | C1: Vendor Name | D1: Invoice Type | E1: PO Number | F1: GR Document | G1: Invoice Date | H1: Due Date | I1: Invoice Amount (INR) | J1: Status | K1: Exception / Block Reason | L1: Days Past Due | M1: Ageing Bucket
A2: INV-2026-0001 | B2: V1007 | C2: Granite Packaging | D2: PO-Based | E2: 4581283135 | F2: 4939874144 | G2: 46305 | H2: 46320 | I2: 151575.97 | J2: Open | L2: =IF(OR(J2="Paid",H2>=TODAY()),0,TODAY()-H2) -> 0 | M2: =IF(J2="Paid","Paid",IF(L2=0,"Not Due",IF(L2<=30,"1-30 Days",IF(L2<=60,"31-60 Days",IF(L2<=90,"61-90 Days","90+ Days"))))) -> Not Due
A3: INV-2026-0002 | B3: V1007 | C3: Granite Packaging | D3: PO-Based | E3: 4520023211 | F3: 4998033996 | G3: 46295 | H3: 46325 | I3: 104657.15 | J3: Paid | L3: =IF(OR(J3="Paid",H3>=TODAY()),0,TODAY()-H3) -> 0 | M3: =IF(J3="Paid","Paid",IF(L3=0,"Not Due",IF(L3<=30,"1-30 Days",IF(L3<=60,"31-60 Days",IF(L3<=90,"61-90 Days","90+ Days"))))) -> Paid
A4: INV-2026-0003 | B4: V1006 | C4: Fairview Logistics | D4: Non-PO | G4: 46196 | H4: 46211 | I4: 162608.84 | J4: Open | L4: =IF(OR(J4="Paid",H4>=TODAY()),0,TODAY()-H4) -> 96 | M4: =IF(J4="Paid","Paid",IF(L4=0,"Not Due",IF(L4<=30,"1-30 Days",IF(L4<=60,"31-60 Days",IF(L4<=90,"61-90 Days","90+ Days"))))) -> 90+ Days
A5: INV-2026-0004 | B5: V1005 | C5: Evergreen IT Services | D5: PO-Based | E5: 4571439057 | F5: 4955199941 | G5: 46192 | H5: 46207 | I5: 18545.7 | J5: Paid | L5: =IF(OR(J5="Paid",H5>=TODAY()),0,TODAY()-H5) -> 0 | M5: =IF(J5="Paid","Paid",IF(L5=0,"Not Due",IF(L5<=30,"1-30 Days",IF(L5<=60,"31-60 Days",IF(L5<=90,"61-90 Days","90+ Days"))))) -> Paid
A6: INV-2026-0005 | B6: V1002 | C6: BluePeak Services | D6: PO-Based | E6: 4586406998 | F6: 4965110827 | G6: 46233 | H6: 46248 | I6: 76477.26 | J6: Paid | L6: =IF(OR(J6="Paid",H6>=TODAY()),0,TODAY()-H6) -> 0 | M6: =IF(J6="Paid","Paid",IF(L6=0,"Not Due",IF(L6<=30,"1-30 Days",IF(L6<=60,"31-60 Days",IF(L6<=90,"61-90 Days","90+ Days"))))) -> Paid
A7: INV-2026-0006 | B7: V1008 | C7: Harbor Utilities | D7: Non-PO | G7: 46288 | H7: 46333 | I7: 75615.69 | J7: Open | L7: =IF(OR(J7="Paid",H7>=TODAY()),0,TODAY()-H7) -> 0 | M7: =IF(J7="Paid","Paid",IF(L7=0,"Not Due",IF(L7<=30,"1-30 Days",IF(L7<=60,"31-60 Days",IF(L7<=90,"61-90 Days","90+ Days"))))) -> Not Due
A8: INV-2026-0007 | B8: V1005 | C8: Evergreen IT Services | D8: PO-Based | E8: 4558632342 | F8: 4915478429 | G8: 46287 | H8: 46317 | I8: 13592.22 | J8: Paid | L8: =IF(OR(J8="Paid",H8>=TODAY()),0,TODAY()-H8) -> 0 | M8: =IF(J8="Paid","Paid",IF(L8=0,"Not Due",IF(L8<=30,"1-30 Days",IF(L8<=60,"31-60 Days",IF(L8<=90,"61-90 Days","90+ Days"))))) -> Paid
A9: INV-2026-0008 | B9: V1008 | C9: Harbor Utilities | D9: Non-PO | G9: 46260 | H9: 46305 | I9: 134671.5 | J9: Open | L9: =IF(OR(J9="Paid",H9>=TODAY()),0,TODAY()-H9) -> 2 | M9: =IF(J9="Paid","Paid",IF(L9=0,"Not Due",IF(L9<=30,"1-30 Days",IF(L9<=60,"31-60 Days",IF(L9<=90,"61-90 Days","90+ Days"))))) -> 1-30 Days
A10: INV-2026-0009 | B10: V1008 | C10: Harbor Utilities | D10: PO-Based | E10: 4553096744 | F10: 4940975194 | G10: 46259 | H10: 46274 | I10: 19067.68 | J10: Blocked | K10: Missing GR | L10: =IF(OR(J10="Paid",H10>=TODAY()),0,TODAY()-H10) -> 33 | M10: =IF(J10="Paid","Paid",IF(L10=0,"Not Due",IF(L10<=30,"1-30 Days",IF(L10<=60,"31-60 Days",IF(L10<=90,"61-90 Days","90+ Days"))))) -> 31-60 Days
A11: INV-2026-0010 | B11: V1005 | C11: Evergreen IT Services | D11: PO-Based | E11: 4566995027 | G11: 46187 | H11: 46247 | I11: 30330.28 | J11: Parked | K11: Missing documentation | L11: =IF(OR(J11="Paid",H11>=TODAY()),0,TODAY()-H11) -> 60 | M11: =IF(J11="Paid","Paid",IF(L11=0,"Not Due",IF(L11<=30,"1-30 Days",IF(L11<=60,"31-60 Days",IF(L11<=90,"61-90 Days","90+ Days"))))) -> 31-60 Days
A12: INV-2026-0011 | B12: V1001 | C12: Aster Office Supplies | D12: Non-PO | G12: 46248 | H12: 46263 | I12: 27401.67 | J12: Open | L12: =IF(OR(J12="Paid",H12>=TODAY()),0,TODAY()-H12) -> 44 | M12: =IF(J12="Paid","Paid",IF(L12=0,"Not Due",IF(L12<=30,"1-30 Days",IF(L12<=60,"31-60 Days",IF(L12<=90,"61-90 Days","90+ Days"))))) -> 31-60 Days
A13: INV-2026-0012 | B13: V1004 | C13: Delta Facilities | D13: PO-Based | E13: 4589527644 | F13: 4999162148 | G13: 46203 | H13: 46233 | I13: 115033.53 | J13: Paid | L13: =IF(OR(J13="Paid",H13>=TODAY()),0,TODAY()-H13) -> 0 | M13: =IF(J13="Paid","Paid",IF(L13=0,"Not Due",IF(L13<=30,"1-30 Days",IF(L13<=60,"31-60 Days",IF(L13<=90,"61-90 Days","90+ Days"))))) -> Paid
A14: INV-2026-0013 | B14: V1004 | C14: Delta Facilities | D14: PO-Based | E14: 4585292864 | F14: 4923044035 | G14: 46173 | H14: 46233 | I14: 84383.59 | J14: Paid | L14: =IF(OR(J14="Paid",H14>=TODAY()),0,TODAY()-H14) -> 0 | M14: =IF(J14="Paid","Paid",IF(L14=0,"Not Due",IF(L14<=30,"1-30 Days",IF(L14<=60,"31-60 Days",IF(L14<=90,"61-90 Days","90+ Days"))))) -> Paid
A15: INV-2026-0014 | B15: V1004 | C15: Delta Facilities | D15: Non-PO | G15: 46303 | H15: 46333 | I15: 143199.73 | J15: Paid | L15: =IF(OR(J15="Paid",H15>=TODAY()),0,TODAY()-H15) -> 0 | M15: =IF(J15="Paid","Paid",IF(L15=0,"Not Due",IF(L15<=30,"1-30 Days",IF(L15<=60,"31-60 Days",IF(L15<=90,"61-90 Days","90+ Days"))))) -> Paid
A16: INV-2026-0015 | B16: V1003 | C16: Cedar Industrial | D16: Non-PO | G16: 46224 | H16: 46284 | I16: 125210.39 | J16: Paid | L16: =IF(OR(J16="Paid",H16>=TODAY()),0,TODAY()-H16) -> 0 | M16: =IF(J16="Paid","Paid",IF(L16=0,"Not Due",IF(L16<=30,"1-30 Days",IF(L16<=60,"31-60 Days",IF(L16<=90,"61-90 Days","90+ Days"))))) -> Paid
A17: INV-2026-0016 | B17: V1006 | C17: Fairview Logistics | D17: PO-Based | E17: 4568067144 | F17: 4941181182 | G17: 46205 | H17: 46220 | I17: 20508.28 | J17: Open | L17: =IF(OR(J17="Paid",H17>=TODAY()),0,TODAY()-H17) -> 87 | M17: =IF(J17="Paid","Paid",IF(L17=0,"Not Due",IF(L17<=30,"1-30 Days",IF(L17<=60,"31-60 Days",IF(L17<=90,"61-90 Days","90+ Days"))))) -> 61-90 Days
A18: INV-2026-0017 | B18: V1008 | C18: Harbor Utilities | D18: PO-Based | E18: 4523209775 | G18: 46302 | H18: 46317 | I18: 75597.71 | J18: Open | L18: =IF(OR(J18="Paid",H18>=TODAY()),0,TODAY()-H18) -> 0 | M18: =IF(J18="Paid","Paid",IF(L18=0,"Not Due",IF(L18<=30,"1-30 Days",IF(L18<=60,"31-60 Days",IF(L18<=90,"61-90 Days","90+ Days"))))) -> Not Due
A19: INV-2026-0018 | B19: V1010 | C19: Juniper Components | D19: Non-PO | G19: 46306 | H19: 46336 | I19: 156433.2 | J19: Blocked | K19: Duplicate check | L19: =IF(OR(J19="Paid",H19>=TODAY()),0,TODAY()-H19) -> 0 | M19: =IF(J19="Paid","Paid",IF(L19=0,"Not Due",IF(L19<=30,"1-30 Days",IF(L19<=60,"31-60 Days",IF(L19<=90,"61-90 Days","90+ Days"))))) -> Not Due
A20: INV-2026-0019 | B20: V1006 | C20: Fairview Logistics | D20: PO-Based | E20: 4589096478 | F20: 4959883786 | G20: 46181 | H20: 46196 | I20: 119598.13 | J20: Paid | L20: =IF(OR(J20="Paid",H20>=TODAY()),0,TODAY()-H20) -> 0 | M20: =IF(J20="Paid","Paid",IF(L20=0,"Not Due",IF(L20<=30,"1-30 Days",IF(L20<=60,"31-60 Days",IF(L20<=90,"61-90 Days","90+ Days"))))) -> Paid
A21: INV-2026-0020 | B21: V1007 | C21: Granite Packaging | D21: PO-Based | E21: 4555280153 | F21: 4955094784 | G21: 46164 | H21: 46179 | I21: 130226.68 | J21: Blocked | K21: Missing documentation | L21: =IF(OR(J21="Paid",H21>=TODAY()),0,TODAY()-H21) -> 128 | M21: =IF(J21="Paid","Paid",IF(L21=0,"Not Due",IF(L21<=30,"1-30 Days",IF(L21<=60,"31-60 Days",IF(L21<=90,"61-90 Days","90+ Days"))))) -> 90+ Days
A22: INV-2026-0021 | B22: V1003 | C22: Cedar Industrial | D22: PO-Based | E22: 4558960101 | F22: 4967409903 | G22: 46165 | H22: 46180 | I22: 6294.61 | J22: Paid | L22: =IF(OR(J22="Paid",H22>=TODAY()),0,TODAY()-H22) -> 0 | M22: =IF(J22="Paid","Paid",IF(L22=0,"Not Due",IF(L22<=30,"1-30 Days",IF(L22<=60,"31-60 Days",IF(L22<=90,"61-90 Days","90+ Days"))))) -> Paid
A23: INV-2026-0022 | B23: V1004 | C23: Delta Facilities | D23: PO-Based | E23: 4594193898 | F23: 4926521269 | G23: 46248 | H23: 46263 | I23: 143573.17 | J23: Paid | L23: =IF(OR(J23="Paid",H23>=TODAY()),0,TODAY()-H23) -> 0 | M23: =IF(J23="Paid","Paid",IF(L23=0,"Not Due",IF(L23<=30,"1-30 Days",IF(L23<=60,"31-60 Days",IF(L23<=90,"61-90 Days","90+ Days"))))) -> Paid
A24: INV-2026-0023 | B24: V1005 | C24: Evergreen IT Services | D24: Non-PO | G24: 46239 | H24: 46254 | I24: 25077.05 | J24: Open | L24: =IF(OR(J24="Paid",H24>=TODAY()),0,TODAY()-H24) -> 53 | M24: =IF(J24="Paid","Paid",IF(L24=0,"Not Due",IF(L24<=30,"1-30 Days",IF(L24<=60,"31-60 Days",IF(L24<=90,"61-90 Days","90+ Days"))))) -> 31-60 Days
A25: INV-2026-0024 | B25: V1008 | C25: Harbor Utilities | D25: PO-Based | E25: 4577684323 | F25: 4977729470 | G25: 46166 | H25: 46196 | I25: 108324.32 | J25: Paid | L25: =IF(OR(J25="Paid",H25>=TODAY()),0,TODAY()-H25) -> 0 | M25: =IF(J25="Paid","Paid",IF(L25=0,"Not Due",IF(L25<=30,"1-30 Days",IF(L25<=60,"31-60 Days",IF(L25<=90,"61-90 Days","90+ Days"))))) -> Paid
A26: INV-2026-0025 | B26: V1005 | C26: Evergreen IT Services | D26: PO-Based | E26: 4575571349 | F26: 4927902193 | G26: 46288 | H26: 46348 | I26: 76009.38 | J26: Paid | L26: =IF(OR(J26="Paid",H26>=TODAY()),0,TODAY()-H26) -> 0 | M26: =IF(J26="Paid","Paid",IF(L26=0,"Not Due",IF(L26<=30,"1-30 Days",IF(L26<=60,"31-60 Days",IF(L26<=90,"61-90 Days","90+ Days"))))) -> Paid
A27: INV-2026-0026 | B27: V1005 | C27: Evergreen IT Services | D27: PO-Based | E27: 4574286122 | F27: 4968904834 | G27: 46201 | H27: 46246 | I27: 34246.64 | J27: Open | L27: =IF(OR(J27="Paid",H27>=TODAY()),0,TODAY()-H27) -> 61 | M27: =IF(J27="Paid","Paid",IF(L27=0,"Not Due",IF(L27<=30,"1-30 Days",IF(L27<=60,"31-60 Days",IF(L27<=90,"61-90 Days","90+ Days"))))) -> 61-90 Days
A28: INV-2026-0027 | B28: V1007 | C28: Granite Packaging | D28: PO-Based | E28: 4526192605 | F28: 4922997261 | G28: 46235 | H28: 46280 | I28: 88369.87 | J28: Blocked | K28: Missing approval | L28: =IF(OR(J28="Paid",H28>=TODAY()),0,TODAY()-H28) -> 27 | M28: =IF(J28="Paid","Paid",IF(L28=0,"Not Due",IF(L28<=30,"1-30 Days",IF(L28<=60,"31-60 Days",IF(L28<=90,"61-90 Days","90+ Days"))))) -> 1-30 Days
A29: INV-2026-0028 | B29: V1004 | C29: Delta Facilities | D29: PO-Based | E29: 4554208959 | F29: 4921528726 | G29: 46207 | H29: 46222 | I29: 62761.4 | J29: Blocked | K29: Quantity variance | L29: =IF(OR(J29="Paid",H29>=TODAY()),0,TODAY()-H29) -> 85 | M29: =IF(J29="Paid","Paid",IF(L29=0,"Not Due",IF(L29<=30,"1-30 Days",IF(L29<=60,"31-60 Days",IF(L29<=90,"61-90 Days","90+ Days"))))) -> 61-90 Days
A30: INV-2026-0029 | B30: V1009 | C30: Indigo Consulting | D30: Non-PO | G30: 46275 | H30: 46290 | I30: 113183.34 | J30: Parked | K30: Quantity variance | L30: =IF(OR(J30="Paid",H30>=TODAY()),0,TODAY()-H30) -> 17 | M30: =IF(J30="Paid","Paid",IF(L30=0,"Not Due",IF(L30<=30,"1-30 Days",IF(L30<=60,"31-60 Days",IF(L30<=90,"61-90 Days","90+ Days"))))) -> 1-30 Days
A31: INV-2026-0030 | B31: V1004 | C31: Delta Facilities | D31: PO-Based | E31: 4590485719 | F31: 4983419945 | G31: 46287 | H31: 46332 | I31: 82357.47 | J31: Blocked | K31: Price variance | L31: =IF(OR(J31="Paid",H31>=TODAY()),0,TODAY()-H31) -> 0 | M31: =IF(J31="Paid","Paid",IF(L31=0,"Not Due",IF(L31<=30,"1-30 Days",IF(L31<=60,"31-60 Days",IF(L31<=90,"61-90 Days","90+ Days"))))) -> Not Due
A32: INV-2026-0031 | B32: V1003 | C32: Cedar Industrial | D32: PO-Based | E32: 4596850832 | F32: 4961610506 | G32: 46217 | H32: 46247 | I32: 84622.85 | J32: Paid | L32: =IF(OR(J32="Paid",H32>=TODAY()),0,TODAY()-H32) -> 0 | M32: =IF(J32="Paid","Paid",IF(L32=0,"Not Due",IF(L32<=30,"1-30 Days",IF(L32<=60,"31-60 Days",IF(L32<=90,"61-90 Days","90+ Days"))))) -> Paid
A33: INV-2026-0032 | B33: V1002 | C33: BluePeak Services | D33: PO-Based | E33: 4528065605 | F33: 4985424707 | G33: 46168 | H33: 46183 | I33: 93898.57 | J33: Open | L33: =IF(OR(J33="Paid",H33>=TODAY()),0,TODAY()-H33) -> 124 | M33: =IF(J33="Paid","Paid",IF(L33=0,"Not Due",IF(L33<=30,"1-30 Days",IF(L33<=60,"31-60 Days",IF(L33<=90,"61-90 Days","90+ Days"))))) -> 90+ Days
A34: INV-2026-0033 | B34: V1009 | C34: Indigo Consulting | D34: PO-Based | E34: 4532900947 | F34: 4977125890 | G34: 46307 | H34: 46337 | I34: 124622.45 | J34: Parked | K34: Missing documentation | L34: =IF(OR(J34="Paid",H34>=TODAY()),0,TODAY()-H34) -> 0 | M34: =IF(J34="Paid","Paid",IF(L34=0,"Not Due",IF(L34<=30,"1-30 Days",IF(L34<=60,"31-60 Days",IF(L34<=90,"61-90 Days","90+ Days"))))) -> Not Due
A35: INV-2026-0034 | B35: V1001 | C35: Aster Office Supplies | D35: PO-Based | E35: 4510253011 | G35: 46230 | H35: 46260 | I35: 40605.76 | J35: Open | L35: =IF(OR(J35="Paid",H35>=TODAY()),0,TODAY()-H35) -> 47 | M35: =IF(J35="Paid","Paid",IF(L35=0,"Not Due",IF(L35<=30,"1-30 Days",IF(L35<=60,"31-60 Days",IF(L35<=90,"61-90 Days","90+ Days"))))) -> 31-60 Days
A36: INV-2026-0035 | B36: V1005 | C36: Evergreen IT Services | D36: PO-Based | E36: 4580406943 | F36: 4955568454 | G36: 46177 | H36: 46207 | I36: 144620.75 | J36: Paid | L36: =IF(OR(J36="Paid",H36>=TODAY()),0,TODAY()-H36) -> 0 | M36: =IF(J36="Paid","Paid",IF(L36=0,"Not Due",IF(L36<=30,"1-30 Days",IF(L36<=60,"31-60 Days",IF(L36<=90,"61-90 Days","90+ Days"))))) -> Paid
A37: INV-2026-0036 | B37: V1004 | C37: Delta Facilities | D37: Non-PO | G37: 46248 | H37: 46263 | I37: 38955.32 | J37: Open | L37: =IF(OR(J37="Paid",H37>=TODAY()),0,TODAY()-H37) -> 44 | M37: =IF(J37="Paid","Paid",IF(L37=0,"Not Due",IF(L37<=30,"1-30 Days",IF(L37<=60,"31-60 Days",IF(L37<=90,"61-90 Days","90+ Days"))))) -> 31-60 Days
A38: INV-2026-0037 | B38: V1005 | C38: Evergreen IT Services | D38: PO-Based | E38: 4582082801 | F38: 4965413609 | G38: 46249 | H38: 46264 | I38: 122227.05 | J38: Paid | L38: =IF(OR(J38="Paid",H38>=TODAY()),0,TODAY()-H38) -> 0 | M38: =IF(J38="Paid","Paid",IF(L38=0,"Not Due",IF(L38<=30,"1-30 Days",IF(L38<=60,"31-60 Days",IF(L38<=90,"61-90 Days","90+ Days"))))) -> Paid
A39: INV-2026-0038 | B39: V1001 | C39: Aster Office Supplies | D39: PO-Based | E39: 4558620273 | G39: 46166 | H39: 46211 | I39: 110686.4 | J39: Open | L39: =IF(OR(J39="Paid",H39>=TODAY()),0,TODAY()-H39) -> 96 | M39: =IF(J39="Paid","Paid",IF(L39=0,"Not Due",IF(L39<=30,"1-30 Days",IF(L39<=60,"31-60 Days",IF(L39<=90,"61-90 Days","90+ Days"))))) -> 90+ Days
A40: INV-2026-0039 | B40: V1010 | C40: Juniper Components | D40: PO-Based | E40: 4559129009 | F40: 4961776587 | G40: 46286 | H40: 46331 | I40: 124706.36 | J40: Open | L40: =IF(OR(J40="Paid",H40>=TODAY()),0,TODAY()-H40) -> 0 | M40: =IF(J40="Paid","Paid",IF(L40=0,"Not Due",IF(L40<=30,"1-30 Days",IF(L40<=60,"31-60 Days",IF(L40<=90,"61-90 Days","90+ Days"))))) -> Not Due
A41: INV-2026-0040 | B41: V1001 | C41: Aster Office Supplies | D41: PO-Based | E41: 4518187214 | F41: 4928538689 | G41: 46216 | H41: 46231 | I41: 156077.29 | J41: Parked | K41: Duplicate check | L41: =IF(OR(J41="Paid",H41>=TODAY()),0,TODAY()-H41) -> 76 | M41: =IF(J41="Paid","Paid",IF(L41=0,"Not Due",IF(L41<=30,"1-30 Days",IF(L41<=60,"31-60 Days",IF(L41<=90,"61-90 Days","90+ Days"))))) -> 61-90 Days
A42: INV-2026-0041 | B42: V1010 | C42: Juniper Components | D42: PO-Based | E42: 4589686361 | F42: 4911611500 | G42: 46236 | H42: 46281 | I42: 142219.21 | J42: Blocked | K42: Quantity variance | L42: =IF(OR(J42="Paid",H42>=TODAY()),0,TODAY()-H42) -> 26 | M42: =IF(J42="Paid","Paid",IF(L42=0,"Not Due",IF(L42<=30,"1-30 Days",IF(L42<=60,"31-60 Days",IF(L42<=90,"61-90 Days","90+ Days"))))) -> 1-30 Days
A43: INV-2026-0042 | B43: V1008 | C43: Harbor Utilities | D43: Non-PO | G43: 46168 | H43: 46198 | I43: 39611.69 | J43: Blocked | K43: Missing documentation | L43: =IF(OR(J43="Paid",H43>=TODAY()),0,TODAY()-H43) -> 109 | M43: =IF(J43="Paid","Paid",IF(L43=0,"Not Due",IF(L43<=30,"1-30 Days",IF(L43<=60,"31-60 Days",IF(L43<=90,"61-90 Days","90+ Days"))))) -> 90+ Days
A44: INV-2026-0043 | B44: V1002 | C44: BluePeak Services | D44: PO-Based | E44: 4528739801 | G44: 46247 | H44: 46307 | I44: 181136.48 | J44: Open | L44: =IF(OR(J44="Paid",H44>=TODAY()),0,TODAY()-H44) -> 0 | M44: =IF(J44="Paid","Paid",IF(L44=0,"Not Due",IF(L44<=30,"1-30 Days",IF(L44<=60,"31-60 Days",IF(L44<=90,"61-90 Days","90+ Days"))))) -> Not Due
A45: INV-2026-0044 | B45: V1005 | C45: Evergreen IT Services | D45: PO-Based | E45: 4565577906 | F45: 4946730492 | G45: 46241 | H45: 46286 | I45: 27186.64 | J45: Parked | K45: Missing approval | L45: =IF(OR(J45="Paid",H45>=TODAY()),0,TODAY()-H45) -> 21 | M45: =IF(J45="Paid","Paid",IF(L45=0,"Not Due",IF(L45<=30,"1-30 Days",IF(L45<=60,"31-60 Days",IF(L45<=90,"61-90 Days","90+ Days"))))) -> 1-30 Days
A46: INV-2026-0045 | B46: V1004 | C46: Delta Facilities | D46: PO-Based | E46: 4582722355 | F46: 4961668713 | G46: 46192 | H46: 46222 | I46: 163933.41 | J46: Open | L46: =IF(OR(J46="Paid",H46>=TODAY()),0,TODAY()-H46) -> 85 | M46: =IF(J46="Paid","Paid",IF(L46=0,"Not Due",IF(L46<=30,"1-30 Days",IF(L46<=60,"31-60 Days",IF(L46<=90,"61-90 Days","90+ Days"))))) -> 61-90 Days
A47: INV-2026-0046 | B47: V1006 | C47: Fairview Logistics | D47: PO-Based | E47: 4595301856 | F47: 4957471605 | G47: 46249 | H47: 46309 | I47: 10254.69 | J47: Paid | L47: =IF(OR(J47="Paid",H47>=TODAY()),0,TODAY()-H47) -> 0 | M47: =IF(J47="Paid","Paid",IF(L47=0,"Not Due",IF(L47<=30,"1-30 Days",IF(L47<=60,"31-60 Days",IF(L47<=90,"61-90 Days","90+ Days"))))) -> Paid
A48: INV-2026-0047 | B48: V1008 | C48: Harbor Utilities | D48: Non-PO | G48: 46213 | H48: 46273 | I48: 26133.98 | J48: Paid | L48: =IF(OR(J48="Paid",H48>=TODAY()),0,TODAY()-H48) -> 0 | M48: =IF(J48="Paid","Paid",IF(L48=0,"Not Due",IF(L48<=30,"1-30 Days",IF(L48<=60,"31-60 Days",IF(L48<=90,"61-90 Days","90+ Days"))))) -> Paid
A49: INV-2026-0048 | B49: V1002 | C49: BluePeak Services | D49: PO-Based | E49: 4552445799 | F49: 4959853068 | G49: 46201 | H49: 46246 | I49: 150166.82 | J49: Open | L49: =IF(OR(J49="Paid",H49>=TODAY()),0,TODAY()-H49) -> 61 | M49: =IF(J49="Paid","Paid",IF(L49=0,"Not Due",IF(L49<=30,"1-30 Days",IF(L49<=60,"31-60 Days",IF(L49<=90,"61-90 Days","90+ Days"))))) -> 61-90 Days
A50: INV-2026-0049 | B50: V1009 | C50: Indigo Consulting | D50: Non-PO | G50: 46264 | H50: 46324 | I50: 115991.25 | J50: Paid | L50: =IF(OR(J50="Paid",H50>=TODAY()),0,TODAY()-H50) -> 0 | M50: =IF(J50="Paid","Paid",IF(L50=0,"Not Due",IF(L50<=30,"1-30 Days",IF(L50<=60,"31-60 Days",IF(L50<=90,"61-90 Days","90+ Days"))))) -> Paid
A51: INV-2026-0050 | B51: V1003 | C51: Cedar Industrial | D51: PO-Based | E51: 4534297403 | F51: 4949838266 | G51: 46298 | H51: 46328 | I51: 96652.42 | J51: Open | L51: =IF(OR(J51="Paid",H51>=TODAY()),0,TODAY()-H51) -> 0 | M51: =IF(J51="Paid","Paid",IF(L51=0,"Not Due",IF(L51<=30,"1-30 Days",IF(L51<=60,"31-60 Days",IF(L51<=90,"61-90 Days","90+ Days"))))) -> Not Due
A52: INV-2026-0051 | B52: V1003 | C52: Cedar Industrial | D52: PO-Based | E52: 4591699736 | F52: 4945449949 | G52: 46205 | H52: 46220 | I52: 122431.77 | J52: Paid | L52: =IF(OR(J52="Paid",H52>=TODAY()),0,TODAY()-H52) -> 0 | M52: =IF(J52="Paid","Paid",IF(L52=0,"Not Due",IF(L52<=30,"1-30 Days",IF(L52<=60,"31-60 Days",IF(L52<=90,"61-90 Days","90+ Days"))))) -> Paid
A53: INV-2026-0052 | B53: V1009 | C53: Indigo Consulting | D53: PO-Based | E53: 4573888238 | F53: 4960700143 | G53: 46284 | H53: 46329 | I53: 110452.38 | J53: Blocked | K53: Duplicate check | L53: =IF(OR(J53="Paid",H53>=TODAY()),0,TODAY()-H53) -> 0 | M53: =IF(J53="Paid","Paid",IF(L53=0,"Not Due",IF(L53<=30,"1-30 Days",IF(L53<=60,"31-60 Days",IF(L53<=90,"61-90 Days","90+ Days"))))) -> Not Due
A54: INV-2026-0053 | B54: V1009 | C54: Indigo Consulting | D54: PO-Based | E54: 4540275440 | F54: 4916703316 | G54: 46279 | H54: 46309 | I54: 148703.26 | J54: Blocked | K54: Quantity variance | L54: =IF(OR(J54="Paid",H54>=TODAY()),0,TODAY()-H54) -> 0 | M54: =IF(J54="Paid","Paid",IF(L54=0,"Not Due",IF(L54<=30,"1-30 Days",IF(L54<=60,"31-60 Days",IF(L54<=90,"61-90 Days","90+ Days"))))) -> Not Due
A55: INV-2026-0054 | B55: V1007 | C55: Granite Packaging | D55: Non-PO | G55: 46195 | H55: 46240 | I55: 13000.15 | J55: Open | L55: =IF(OR(J55="Paid",H55>=TODAY()),0,TODAY()-H55) -> 67 | M55: =IF(J55="Paid","Paid",IF(L55=0,"Not Due",IF(L55<=30,"1-30 Days",IF(L55<=60,"31-60 Days",IF(L55<=90,"61-90 Days","90+ Days"))))) -> 61-90 Days
A56: INV-2026-0055 | B56: V1003 | C56: Cedar Industrial | D56: Non-PO | G56: 46235 | H56: 46265 | I56: 100311.43 | J56: Open | L56: =IF(OR(J56="Paid",H56>=TODAY()),0,TODAY()-H56) -> 42 | M56: =IF(J56="Paid","Paid",IF(L56=0,"Not Due",IF(L56<=30,"1-30 Days",IF(L56<=60,"31-60 Days",IF(L56<=90,"61-90 Days","90+ Days"))))) -> 31-60 Days
A57: INV-2026-0056 | B57: V1007 | C57: Granite Packaging | D57: PO-Based | E57: 4548922046 | F57: 4918825456 | G57: 46192 | H57: 46252 | I57: 3122.58 | J57: Blocked | K57: Missing documentation | L57: =IF(OR(J57="Paid",H57>=TODAY()),0,TODAY()-H57) -> 55 | M57: =IF(J57="Paid","Paid",IF(L57=0,"Not Due",IF(L57<=30,"1-30 Days",IF(L57<=60,"31-60 Days",IF(L57<=90,"61-90 Days","90+ Days"))))) -> 31-60 Days
A58: INV-2026-0057 | B58: V1003 | C58: Cedar Industrial | D58: PO-Based | E58: 4511732484 | G58: 46216 | H58: 46276 | I58: 56846.58 | J58: Paid | L58: =IF(OR(J58="Paid",H58>=TODAY()),0,TODAY()-H58) -> 0 | M58: =IF(J58="Paid","Paid",IF(L58=0,"Not Due",IF(L58<=30,"1-30 Days",IF(L58<=60,"31-60 Days",IF(L58<=90,"61-90 Days","90+ Days"))))) -> Paid
A59: INV-2026-0058 | B59: V1005 | C59: Evergreen IT Services | D59: PO-Based | E59: 4511708670 | F59: 4937483463 | G59: 46277 | H59: 46292 | I59: 56801.29 | J59: Blocked | K59: Duplicate check | L59: =IF(OR(J59="Paid",H59>=TODAY()),0,TODAY()-H59) -> 15 | M59: =IF(J59="Paid","Paid",IF(L59=0,"Not Due",IF(L59<=30,"1-30 Days",IF(L59<=60,"31-60 Days",IF(L59<=90,"61-90 Days","90+ Days"))))) -> 1-30 Days
A60: INV-2026-0059 | B60: V1009 | C60: Indigo Consulting | D60: PO-Based | E60: 4564954724 | F60: 4919931129 | G60: 46272 | H60: 46287 | I60: 49208.94 | J60: Open | L60: =IF(OR(J60="Paid",H60>=TODAY()),0,TODAY()-H60) -> 20 | M60: =IF(J60="Paid","Paid",IF(L60=0,"Not Due",IF(L60<=30,"1-30 Days",IF(L60<=60,"31-60 Days",IF(L60<=90,"61-90 Days","90+ Days"))))) -> 1-30 Days
A61: INV-2026-0060 | B61: V1008 | C61: Harbor Utilities | D61: PO-Based | E61: 4549114463 | F61: 4942509030 | G61: 46270 | H61: 46315 | I61: 138202.08 | J61: Paid | L61: =IF(OR(J61="Paid",H61>=TODAY()),0,TODAY()-H61) -> 0 | M61: =IF(J61="Paid","Paid",IF(L61=0,"Not Due",IF(L61<=30,"1-30 Days",IF(L61<=60,"31-60 Days",IF(L61<=90,"61-90 Days","90+ Days"))))) -> Paid
A62: INV-2026-0061 | B62: V1006 | C62: Fairview Logistics | D62: Non-PO | G62: 46281 | H62: 46326 | I62: 6859.11 | J62: Open | L62: =IF(OR(J62="Paid",H62>=TODAY()),0,TODAY()-H62) -> 0 | M62: =IF(J62="Paid","Paid",IF(L62=0,"Not Due",IF(L62<=30,"1-30 Days",IF(L62<=60,"31-60 Days",IF(L62<=90,"61-90 Days","90+ Days"))))) -> Not Due
A63: INV-2026-0062 | B63: V1003 | C63: Cedar Industrial | D63: PO-Based | E63: 4572066645 | G63: 46262 | H63: 46292 | I63: 45839.65 | J63: Paid | L63: =IF(OR(J63="Paid",H63>=TODAY()),0,TODAY()-H63) -> 0 | M63: =IF(J63="Paid","Paid",IF(L63=0,"Not Due",IF(L63<=30,"1-30 Days",IF(L63<=60,"31-60 Days",IF(L63<=90,"61-90 Days","90+ Days"))))) -> Paid
A64: INV-2026-0063 | B64: V1002 | C64: BluePeak Services | D64: PO-Based | E64: 4539680147 | F64: 4959201424 | G64: 46299 | H64: 46329 | I64: 36777.92 | J64: Open | L64: =IF(OR(J64="Paid",H64>=TODAY()),0,TODAY()-H64) -> 0 | M64: =IF(J64="Paid","Paid",IF(L64=0,"Not Due",IF(L64<=30,"1-30 Days",IF(L64<=60,"31-60 Days",IF(L64<=90,"61-90 Days","90+ Days"))))) -> Not Due
A65: INV-2026-0064 | B65: V1010 | C65: Juniper Components | D65: PO-Based | E65: 4519301922 | F65: 4919026125 | G65: 46231 | H65: 46291 | I65: 49906.48 | J65: Open | L65: =IF(OR(J65="Paid",H65>=TODAY()),0,TODAY()-H65) -> 16 | M65: =IF(J65="Paid","Paid",IF(L65=0,"Not Due",IF(L65<=30,"1-30 Days",IF(L65<=60,"31-60 Days",IF(L65<=90,"61-90 Days","90+ Days"))))) -> 1-30 Days
A66: INV-2026-0065 | B66: V1005 | C66: Evergreen IT Services | D66: Non-PO | G66: 46236 | H66: 46296 | I66: 60411.07 | J66: Open | L66: =IF(OR(J66="Paid",H66>=TODAY()),0,TODAY()-H66) -> 11 | M66: =IF(J66="Paid","Paid",IF(L66=0,"Not Due",IF(L66<=30,"1-30 Days",IF(L66<=60,"31-60 Days",IF(L66<=90,"61-90 Days","90+ Days"))))) -> 1-30 Days
A67: INV-2026-0066 | B67: V1003 | C67: Cedar Industrial | D67: PO-Based | E67: 4551093398 | G67: 46252 | H67: 46312 | I67: 67303.54 | J67: Paid | L67: =IF(OR(J67="Paid",H67>=TODAY()),0,TODAY()-H67) -> 0 | M67: =IF(J67="Paid","Paid",IF(L67=0,"Not Due",IF(L67<=30,"1-30 Days",IF(L67<=60,"31-60 Days",IF(L67<=90,"61-90 Days","90+ Days"))))) -> Paid
A68: INV-2026-0067 | B68: V1006 | C68: Fairview Logistics | D68: Non-PO | G68: 46183 | H68: 46198 | I68: 21751.38 | J68: Paid | L68: =IF(OR(J68="Paid",H68>=TODAY()),0,TODAY()-H68) -> 0 | M68: =IF(J68="Paid","Paid",IF(L68=0,"Not Due",IF(L68<=30,"1-30 Days",IF(L68<=60,"31-60 Days",IF(L68<=90,"61-90 Days","90+ Days"))))) -> Paid
A69: INV-2026-0068 | B69: V1006 | C69: Fairview Logistics | D69: Non-PO | G69: 46304 | H69: 46334 | I69: 76076.04 | J69: Open | L69: =IF(OR(J69="Paid",H69>=TODAY()),0,TODAY()-H69) -> 0 | M69: =IF(J69="Paid","Paid",IF(L69=0,"Not Due",IF(L69<=30,"1-30 Days",IF(L69<=60,"31-60 Days",IF(L69<=90,"61-90 Days","90+ Days"))))) -> Not Due
A70: INV-2026-0069 | B70: V1009 | C70: Indigo Consulting | D70: Non-PO | G70: 46218 | H70: 46263 | I70: 100370.15 | J70: Blocked | K70: Missing approval | L70: =IF(OR(J70="Paid",H70>=TODAY()),0,TODAY()-H70) -> 44 | M70: =IF(J70="Paid","Paid",IF(L70=0,"Not Due",IF(L70<=30,"1-30 Days",IF(L70<=60,"31-60 Days",IF(L70<=90,"61-90 Days","90+ Days"))))) -> 31-60 Days
A71: INV-2026-0070 | B71: V1002 | C71: BluePeak Services | D71: PO-Based | E71: 4562746581 | F71: 4935037052 | G71: 46296 | H71: 46311 | I71: 125580.88 | J71: Blocked | K71: Missing GR | L71: =IF(OR(J71="Paid",H71>=TODAY()),0,TODAY()-H71) -> 0 | M71: =IF(J71="Paid","Paid",IF(L71=0,"Not Due",IF(L71<=30,"1-30 Days",IF(L71<=60,"31-60 Days",IF(L71<=90,"61-90 Days","90+ Days"))))) -> Not Due
A72: INV-2026-0071 | B72: V1001 | C72: Aster Office Supplies | D72: PO-Based | E72: 4528094198 | F72: 4996299655 | G72: 46193 | H72: 46208 | I72: 103605.97 | J72: Paid | L72: =IF(OR(J72="Paid",H72>=TODAY()),0,TODAY()-H72) -> 0 | M72: =IF(J72="Paid","Paid",IF(L72=0,"Not Due",IF(L72<=30,"1-30 Days",IF(L72<=60,"31-60 Days",IF(L72<=90,"61-90 Days","90+ Days"))))) -> Paid
A73: INV-2026-0072 | B73: V1009 | C73: Indigo Consulting | D73: Non-PO | G73: 46164 | H73: 46179 | I73: 183459.85 | J73: Parked | K73: Duplicate check | L73: =IF(OR(J73="Paid",H73>=TODAY()),0,TODAY()-H73) -> 128 | M73: =IF(J73="Paid","Paid",IF(L73=0,"Not Due",IF(L73<=30,"1-30 Days",IF(L73<=60,"31-60 Days",IF(L73<=90,"61-90 Days","90+ Days"))))) -> 90+ Days
A74: INV-2026-0073 | B74: V1002 | C74: BluePeak Services | D74: PO-Based | E74: 4588587935 | F74: 4954412368 | G74: 46176 | H74: 46206 | I74: 144057.4 | J74: Paid | L74: =IF(OR(J74="Paid",H74>=TODAY()),0,TODAY()-H74) -> 0 | M74: =IF(J74="Paid","Paid",IF(L74=0,"Not Due",IF(L74<=30,"1-30 Days",IF(L74<=60,"31-60 Days",IF(L74<=90,"61-90 Days","90+ Days"))))) -> Paid
A75: INV-2026-0074 | B75: V1001 | C75: Aster Office Supplies | D75: PO-Based | E75: 4593150754 | G75: 46232 | H75: 46277 | I75: 65188.03 | J75: Open | L75: =IF(OR(J75="Paid",H75>=TODAY()),0,TODAY()-H75) -> 30 | M75: =IF(J75="Paid","Paid",IF(L75=0,"Not Due",IF(L75<=30,"1-30 Days",IF(L75<=60,"31-60 Days",IF(L75<=90,"61-90 Days","90+ Days"))))) -> 1-30 Days
A76: INV-2026-0075 | B76: V1008 | C76: Harbor Utilities | D76: PO-Based | E76: 4572450518 | G76: 46233 | H76: 46278 | I76: 38794.84 | J76: Blocked | K76: Missing GR | L76: =IF(OR(J76="Paid",H76>=TODAY()),0,TODAY()-H76) -> 29 | M76: =IF(J76="Paid","Paid",IF(L76=0,"Not Due",IF(L76<=30,"1-30 Days",IF(L76<=60,"31-60 Days",IF(L76<=90,"61-90 Days","90+ Days"))))) -> 1-30 Days
A77: INV-2026-0076 | B77: V1005 | C77: Evergreen IT Services | D77: Non-PO | G77: 46234 | H77: 46294 | I77: 164119.78 | J77: Paid | L77: =IF(OR(J77="Paid",H77>=TODAY()),0,TODAY()-H77) -> 0 | M77: =IF(J77="Paid","Paid",IF(L77=0,"Not Due",IF(L77<=30,"1-30 Days",IF(L77<=60,"31-60 Days",IF(L77<=90,"61-90 Days","90+ Days"))))) -> Paid
A78: INV-2026-0077 | B78: V1006 | C78: Fairview Logistics | D78: PO-Based | E78: 4511901964 | F78: 4921963262 | G78: 46204 | H78: 46234 | I78: 22032.75 | J78: Open | L78: =IF(OR(J78="Paid",H78>=TODAY()),0,TODAY()-H78) -> 73 | M78: =IF(J78="Paid","Paid",IF(L78=0,"Not Due",IF(L78<=30,"1-30 Days",IF(L78<=60,"31-60 Days",IF(L78<=90,"61-90 Days","90+ Days"))))) -> 61-90 Days
A79: INV-2026-0078 | B79: V1010 | C79: Juniper Components | D79: PO-Based | E79: 4526582696 | G79: 46195 | H79: 46255 | I79: 113182.23 | J79: Paid | L79: =IF(OR(J79="Paid",H79>=TODAY()),0,TODAY()-H79) -> 0 | M79: =IF(J79="Paid","Paid",IF(L79=0,"Not Due",IF(L79<=30,"1-30 Days",IF(L79<=60,"31-60 Days",IF(L79<=90,"61-90 Days","90+ Days"))))) -> Paid
A80: INV-2026-0079 | B80: V1005 | C80: Evergreen IT Services | D80: PO-Based | E80: 4599857479 | G80: 46189 | H80: 46249 | I80: 86131.49 | J80: Blocked | K80: Missing GR | L80: =IF(OR(J80="Paid",H80>=TODAY()),0,TODAY()-H80) -> 58 | M80: =IF(J80="Paid","Paid",IF(L80=0,"Not Due",IF(L80<=30,"1-30 Days",IF(L80<=60,"31-60 Days",IF(L80<=90,"61-90 Days","90+ Days"))))) -> 31-60 Days
A81: INV-2026-0080 | B81: V1007 | C81: Granite Packaging | D81: PO-Based | E81: 4545760881 | F81: 4962795835 | G81: 46203 | H81: 46263 | I81: 145009.13 | J81: Paid | L81: =IF(OR(J81="Paid",H81>=TODAY()),0,TODAY()-H81) -> 0 | M81: =IF(J81="Paid","Paid",IF(L81=0,"Not Due",IF(L81<=30,"1-30 Days",IF(L81<=60,"31-60 Days",IF(L81<=90,"61-90 Days","90+ Days"))))) -> Paid
A82: INV-2026-0081 | B82: V1007 | C82: Granite Packaging | D82: PO-Based | E82: 4531106392 | F82: 4915870247 | G82: 46199 | H82: 46229 | I82: 157490.78 | J82: Blocked | K82: Price variance | L82: =IF(OR(J82="Paid",H82>=TODAY()),0,TODAY()-H82) -> 78 | M82: =IF(J82="Paid","Paid",IF(L82=0,"Not Due",IF(L82<=30,"1-30 Days",IF(L82<=60,"31-60 Days",IF(L82<=90,"61-90 Days","90+ Days"))))) -> 61-90 Days
A83: INV-2026-0082 | B83: V1005 | C83: Evergreen IT Services | D83: PO-Based | E83: 4548526831 | F83: 4979291547 | G83: 46269 | H83: 46314 | I83: 12311.24 | J83: Open | L83: =IF(OR(J83="Paid",H83>=TODAY()),0,TODAY()-H83) -> 0 | M83: =IF(J83="Paid","Paid",IF(L83=0,"Not Due",IF(L83<=30,"1-30 Days",IF(L83<=60,"31-60 Days",IF(L83<=90,"61-90 Days","90+ Days"))))) -> Not Due
A84: INV-2026-0083 | B84: V1003 | C84: Cedar Industrial | D84: PO-Based | E84: 4587650034 | F84: 4949707083 | G84: 46307 | H84: 46322 | I84: 25960.26 | J84: Paid | L84: =IF(OR(J84="Paid",H84>=TODAY()),0,TODAY()-H84) -> 0 | M84: =IF(J84="Paid","Paid",IF(L84=0,"Not Due",IF(L84<=30,"1-30 Days",IF(L84<=60,"31-60 Days",IF(L84<=90,"61-90 Days","90+ Days"))))) -> Paid
A85: INV-2026-0084 | B85: V1003 | C85: Cedar Industrial | D85: PO-Based | E85: 4565734098 | G85: 46187 | H85: 46247 | I85: 29347.71 | J85: Open | L85: =IF(OR(J85="Paid",H85>=TODAY()),0,TODAY()-H85) -> 60 | M85: =IF(J85="Paid","Paid",IF(L85=0,"Not Due",IF(L85<=30,"1-30 Days",IF(L85<=60,"31-60 Days",IF(L85<=90,"61-90 Days","90+ Days"))))) -> 31-60 Days
A86: INV-2026-0085 | B86: V1010 | C86: Juniper Components | D86: PO-Based | E86: 4546665901 | F86: 4995671094 | G86: 46190 | H86: 46220 | I86: 115491.49 | J86: Open | L86: =IF(OR(J86="Paid",H86>=TODAY()),0,TODAY()-H86) -> 87 | M86: =IF(J86="Paid","Paid",IF(L86=0,"Not Due",IF(L86<=30,"1-30 Days",IF(L86<=60,"31-60 Days",IF(L86<=90,"61-90 Days","90+ Days"))))) -> 61-90 Days
A87: INV-2026-0086 | B87: V1006 | C87: Fairview Logistics | D87: PO-Based | E87: 4563213015 | F87: 4974035199 | G87: 46272 | H87: 46302 | I87: 38748.35 | J87: Blocked | K87: Missing GR | L87: =IF(OR(J87="Paid",H87>=TODAY()),0,TODAY()-H87) -> 5 | M87: =IF(J87="Paid","Paid",IF(L87=0,"Not Due",IF(L87<=30,"1-30 Days",IF(L87<=60,"31-60 Days",IF(L87<=90,"61-90 Days","90+ Days"))))) -> 1-30 Days
A88: INV-2026-0087 | B88: V1003 | C88: Cedar Industrial | D88: PO-Based | E88: 4556505639 | G88: 46181 | H88: 46226 | I88: 23858.87 | J88: Blocked | K88: Duplicate check | L88: =IF(OR(J88="Paid",H88>=TODAY()),0,TODAY()-H88) -> 81 | M88: =IF(J88="Paid","Paid",IF(L88=0,"Not Due",IF(L88<=30,"1-30 Days",IF(L88<=60,"31-60 Days",IF(L88<=90,"61-90 Days","90+ Days"))))) -> 61-90 Days
A89: INV-2026-0088 | B89: V1003 | C89: Cedar Industrial | D89: PO-Based | E89: 4551861507 | F89: 4968584968 | G89: 46262 | H89: 46292 | I89: 90572.54 | J89: Open | L89: =IF(OR(J89="Paid",H89>=TODAY()),0,TODAY()-H89) -> 15 | M89: =IF(J89="Paid","Paid",IF(L89=0,"Not Due",IF(L89<=30,"1-30 Days",IF(L89<=60,"31-60 Days",IF(L89<=90,"61-90 Days","90+ Days"))))) -> 1-30 Days
A90: INV-2026-0089 | B90: V1002 | C90: BluePeak Services | D90: PO-Based | E90: 4555025743 | F90: 4919132959 | G90: 46182 | H90: 46242 | I90: 28238.02 | J90: Paid | L90: =IF(OR(J90="Paid",H90>=TODAY()),0,TODAY()-H90) -> 0 | M90: =IF(J90="Paid","Paid",IF(L90=0,"Not Due",IF(L90<=30,"1-30 Days",IF(L90<=60,"31-60 Days",IF(L90<=90,"61-90 Days","90+ Days"))))) -> Paid
A91: INV-2026-0090 | B91: V1001 | C91: Aster Office Supplies | D91: Non-PO | G91: 46223 | H91: 46268 | I91: 12379.19 | J91: Paid | L91: =IF(OR(J91="Paid",H91>=TODAY()),0,TODAY()-H91) -> 0 | M91: =IF(J91="Paid","Paid",IF(L91=0,"Not Due",IF(L91<=30,"1-30 Days",IF(L91<=60,"31-60 Days",IF(L91<=90,"61-90 Days","90+ Days"))))) -> Paid
A92: INV-2026-0091 | B92: V1010 | C92: Juniper Components | D92: PO-Based | E92: 4520684991 | F92: 4942132306 | G92: 46214 | H92: 46244 | I92: 19640.4 | J92: Parked | K92: Missing approval | L92: =IF(OR(J92="Paid",H92>=TODAY()),0,TODAY()-H92) -> 63 | M92: =IF(J92="Paid","Paid",IF(L92=0,"Not Due",IF(L92<=30,"1-30 Days",IF(L92<=60,"31-60 Days",IF(L92<=90,"61-90 Days","90+ Days"))))) -> 61-90 Days
A93: INV-2026-0092 | B93: V1006 | C93: Fairview Logistics | D93: Non-PO | G93: 46202 | H93: 46217 | I93: 144227.41 | J93: Blocked | K93: Price variance | L93: =IF(OR(J93="Paid",H93>=TODAY()),0,TODAY()-H93) -> 90 | M93: =IF(J93="Paid","Paid",IF(L93=0,"Not Due",IF(L93<=30,"1-30 Days",IF(L93<=60,"31-60 Days",IF(L93<=90,"61-90 Days","90+ Days"))))) -> 61-90 Days
A94: INV-2026-0093 | B94: V1005 | C94: Evergreen IT Services | D94: PO-Based | E94: 4530020668 | F94: 4912358401 | G94: 46180 | H94: 46225 | I94: 108705 | J94: Open | L94: =IF(OR(J94="Paid",H94>=TODAY()),0,TODAY()-H94) -> 82 | M94: =IF(J94="Paid","Paid",IF(L94=0,"Not Due",IF(L94<=30,"1-30 Days",IF(L94<=60,"31-60 Days",IF(L94<=90,"61-90 Days","90+ Days"))))) -> 61-90 Days
A95: INV-2026-0094 | B95: V1006 | C95: Fairview Logistics | D95: PO-Based | E95: 4530019461 | F95: 4968018067 | G95: 46195 | H95: 46210 | I95: 26502.52 | J95: Paid | L95: =IF(OR(J95="Paid",H95>=TODAY()),0,TODAY()-H95) -> 0 | M95: =IF(J95="Paid","Paid",IF(L95=0,"Not Due",IF(L95<=30,"1-30 Days",IF(L95<=60,"31-60 Days",IF(L95<=90,"61-90 Days","90+ Days"))))) -> Paid
A96: INV-2026-0095 | B96: V1008 | C96: Harbor Utilities | D96: Non-PO | G96: 46183 | H96: 46243 | I96: 180290.93 | J96: Open | L96: =IF(OR(J96="Paid",H96>=TODAY()),0,TODAY()-H96) -> 64 | M96: =IF(J96="Paid","Paid",IF(L96=0,"Not Due",IF(L96<=30,"1-30 Days",IF(L96<=60,"31-60 Days",IF(L96<=90,"61-90 Days","90+ Days"))))) -> 61-90 Days
A97: INV-2026-0096 | B97: V1005 | C97: Evergreen IT Services | D97: PO-Based | E97: 4585842636 | F97: 4985568327 | G97: 46261 | H97: 46291 | I97: 4336.92 | J97: Parked | K97: Quantity variance | L97: =IF(OR(J97="Paid",H97>=TODAY()),0,TODAY()-H97) -> 16 | M97: =IF(J97="Paid","Paid",IF(L97=0,"Not Due",IF(L97<=30,"1-30 Days",IF(L97<=60,"31-60 Days",IF(L97<=90,"61-90 Days","90+ Days"))))) -> 1-30 Days
A98: INV-2026-0097 | B98: V1003 | C98: Cedar Industrial | D98: Non-PO | G98: 46179 | H98: 46209 | I98: 150643.11 | J98: Blocked | K98: Quantity variance | L98: =IF(OR(J98="Paid",H98>=TODAY()),0,TODAY()-H98) -> 98 | M98: =IF(J98="Paid","Paid",IF(L98=0,"Not Due",IF(L98<=30,"1-30 Days",IF(L98<=60,"31-60 Days",IF(L98<=90,"61-90 Days","90+ Days"))))) -> 90+ Days
A99: INV-2026-0098 | B99: V1009 | C99: Indigo Consulting | D99: PO-Based | E99: 4565411895 | F99: 4922384995 | G99: 46297 | H99: 46342 | I99: 149460.46 | J99: Paid | L99: =IF(OR(J99="Paid",H99>=TODAY()),0,TODAY()-H99) -> 0 | M99: =IF(J99="Paid","Paid",IF(L99=0,"Not Due",IF(L99<=30,"1-30 Days",IF(L99<=60,"31-60 Days",IF(L99<=90,"61-90 Days","90+ Days"))))) -> Paid
A100: INV-2026-0099 | B100: V1002 | C100: BluePeak Services | D100: Non-PO | G100: 46170 | H100: 46215 | I100: 148856.8 | J100: Open | L100: =IF(OR(J100="Paid",H100>=TODAY()),0,TODAY()-H100) -> 92 | M100: =IF(J100="Paid","Paid",IF(L100=0,"Not Due",IF(L100<=30,"1-30 Days",IF(L100<=60,"31-60 Days",IF(L100<=90,"61-90 Days","90+ Days"))))) -> 90+ Days
...

Sheet Read Me
A1: PROJECT GUIDE — SAP AP INVOICE TRACKING
A3: Purpose | B3: Demonstrate invoice monitoring, ageing analysis, status reporting, and exception tracking for an Accounts Payable process.
A4: Data | B4: 100 fictional invoices and fictional vendor names. No real company or supplier data is used.
A5: How to use | B5: Open Invoice Tracker and filter by Status, Invoice Type, Vendor, or Ageing Bucket.
A6: Ageing logic | B6: Days Past Due and Ageing Bucket use TODAY(). Paid invoices are labelled Paid and excluded from outstanding ageing value.
A7: Dashboard | B7: KPI cards, status summaries, ageing summaries, and a chart use Excel formulas. If formulas show blank values, open in desktop Excel and recalculate.
A8: Important | B8: This is a portfolio simulation, not a live SAP extract. Actual business rules and SAP configuration can differ by organization.
